element_id,size,ceiling_x_mm,ceiling_y_mm,finished_main_cable_mm,yoke_drop_mm,element_origin_drop_mm,top_edge_drop_mm,lowest_edge_drop_mm,target_yaw_deg,wing_fold_deg,nominal_wingspan_mm,nominal_body_axis_length_mm,nominal_thickness_mm,material_tier,design_release
VX-001,L,422.911,-410.912,562.507,562.507,657.938,590.507,664.588,2.056,42.0,186,108,7,LUX-GL,1.3.0
VX-002,M,830.441,-396.278,318.676,318.676,399.981,346.676,405.681,29.66,42.0,146,82,6,LUX-GL,1.3.0
VX-003,M,798.195,-197.199,329.998,329.998,411.303,357.998,417.003,245.502,42.0,146,82,6,LUX-GL,1.3.0
VX-004,L,803.529,-455.337,595.871,595.871,691.302,623.871,697.952,331.038,42.0,186,108,7,LUX-GL,1.3.0
VX-005,M,887.171,-246.442,622.023,622.023,703.328,650.023,709.028,94.516,42.0,146,82,6,LUX-GL,1.3.0
VX-006,M,772.245,-59.22,366.009,366.009,447.314,394.009,453.014,338.74,42.0,146,82,6,LUX-GL,1.3.0
VX-007,L,978.333,-281.911,364.297,364.297,459.728,392.297,466.378,343.584,42.0,186,108,7,LUX-GL,1.3.0
VX-008,M,877.774,-90.31,659.239,659.239,740.544,687.239,746.244,244.828,42.0,146,82,6,LUX-GL,1.3.0
VX-009,M,950.732,-340.64,1208.436,1208.436,1289.742,1236.436,1295.442,340.893,42.0,146,82,6,LUX-GL,1.3.0
VX-010,L,979.152,-125.428,402.345,402.345,497.776,430.345,504.426,110.353,42.0,186,108,7,LUX-GL,1.3.0
VX-011,M,807.512,45.437,1234.135,1234.135,1315.44,1262.135,1321.14,338.206,42.0,146,82,6,LUX-GL,1.3.0
VX-012,M,1075.249,-163.853,710.615,710.615,791.92,738.615,797.62,351.848,42.0,146,82,6,LUX-GL,1.3.0
VX-013,L,918.565,29.53,441.307,441.307,536.738,469.307,543.388,140.404,42.0,186,108,7,LUX-GL,1.3.0
VX-014,M,692.192,152.997,468.583,468.583,549.888,496.583,555.588,349.576,42.0,146,82,6,LUX-GL,1.3.0
VX-015,M,1027.006,9.58,750.059,750.059,831.364,778.059,837.064,1.869,42.0,146,82,6,LUX-GL,1.3.0
VX-016,L,804.277,156.654,749.22,749.22,844.651,777.22,851.301,344.328,42.0,186,108,7,LUX-GL,1.3.0
VX-017,M,1109.763,-13.638,508.44,508.44,589.745,536.44,595.445,359.655,42.0,146,82,6,LUX-GL,1.3.0
VX-018,M,915.555,155.983,1326.613,1326.613,1407.919,1354.613,1413.619,149.91,42.0,146,82,6,LUX-GL,1.3.0
VX-019,L,654.207,250.334,789.44,789.44,884.872,817.44,891.522,357.901,42.0,186,108,7,LUX-GL,1.3.0
VX-020,M,1023.019,152.045,548.827,548.827,630.132,576.827,635.832,9.551,42.0,146,82,6,LUX-GL,1.3.0
VX-021,M,760.215,268.171,562.392,562.392,643.698,590.392,649.398,345.985,42.0,146,82,6,LUX-GL,1.3.0
VX-022,L,1086.07,136.307,830.135,830.135,925.566,858.135,932.216,7.411,42.0,186,108,7,LUX-GL,1.3.0
VX-023,M,866.662,282.017,857.919,857.919,939.225,885.919,944.925,157.777,42.0,146,82,6,LUX-GL,1.3.0
VX-024,M,580.171,342.995,603.367,603.367,684.672,631.367,690.372,5.468,42.0,146,82,6,LUX-GL,1.3.0
VX-025,L,973.042,292.2,602.985,602.985,698.416,630.985,705.066,17.708,42.0,186,108,7,LUX-GL,1.3.0
VX-026,M,675.807,373.53,899.15,899.15,980.455,927.15,986.155,171.297,42.0,146,82,6,LUX-GL,1.3.0
VX-027,M,393.717,380.883,644.718,644.718,726.023,672.718,731.723,15.515,42.0,146,82,6,LUX-GL,1.3.0
VX-028,L,772.916,400.489,644.452,644.452,739.883,672.452,746.533,29.439,42.0,186,108,7,LUX-GL,1.3.0
VX-029,M,472.547,425.371,940.729,940.729,1022.034,968.729,1027.734,11.643,42.0,146,82,6,LUX-GL,1.3.0
VX-030,M,858.762,418.177,954.66,954.66,1035.965,982.66,1041.665,26.769,42.0,146,82,6,LUX-GL,1.3.0
VX-031,L,554.29,466.607,686.243,686.243,781.675,714.243,788.325,177.837,42.0,186,108,7,LUX-GL,1.3.0
VX-032,M,274.362,440.249,982.621,982.621,1063.927,1010.621,1069.627,24.401,42.0,146,82,6,LUX-GL,1.3.0
VX-033,M,638.335,504.733,996.65,996.65,1077.956,1024.65,1083.656,40.261,42.0,146,82,6,LUX-GL,1.3.0
VX-034,L,336.074,492.512,728.329,728.329,823.76,756.329,830.41,188.519,42.0,186,108,7,LUX-GL,1.3.0
VX-035,M,95.552,423.427,756.544,756.544,837.85,784.544,843.55,37.233,42.0,146,82,6,LUX-GL,1.3.0
VX-036,M,401.32,542.097,1038.918,1038.918,1120.223,1066.918,1125.923,57.054,42.0,146,82,6,LUX-GL,1.3.0
VX-037,L,134.156,482.995,1038.939,1038.939,1134.37,1066.939,1141.02,34.561,42.0,186,108,7,LUX-GL,1.3.0
VX-038,M,469.505,589.065,1603.749,1603.749,1685.054,1631.749,1690.754,53.108,42.0,146,82,6,LUX-GL,1.3.0
VX-039,M,177.314,540.495,813.185,813.185,894.49,841.185,900.19,195.854,42.0,146,82,6,LUX-GL,1.3.0
VX-040,L,-39.506,444.507,1081.541,1081.541,1176.972,1109.541,1183.622,49.67,42.0,186,108,7,LUX-GL,1.3.0
VX-041,M,223.976,595.459,1646.43,1646.43,1727.735,1674.43,1733.435,72.588,42.0,146,82,6,LUX-GL,1.3.0
VX-042,M,-20.056,506.527,1660.708,1660.708,1742.013,1688.708,1747.713,43.232,42.0,146,82,6,LUX-GL,1.3.0
VX-043,L,271.331,639.978,1124.374,1124.374,1219.805,1152.374,1226.455,68.156,42.0,186,108,7,LUX-GL,1.3.0
VX-044,M,4.129,566.858,884.571,884.571,965.876,912.571,971.576,203.626,42.0,146,82,6,LUX-GL,1.3.0
VX-045,M,-181.341,441.963,1167.175,1167.175,1248.481,1195.175,1254.181,64.206,42.0,146,82,6,LUX-GL,1.3.0
VX-046,L,32.413,625.381,1435.677,1435.677,1531.108,1463.677,1537.758,90.135,42.0,186,108,7,LUX-GL,1.3.0
VX-047,M,-181.494,506.928,1732.452,1732.452,1813.758,1760.452,1819.458,217.97,42.0,146,82,6,LUX-GL,1.3.0
VX-048,M,-298.882,366.824,1210.359,1210.359,1291.664,1238.359,1297.364,84.9,42.0,146,82,6,LUX-GL,1.3.0
VX-049,L,-175.72,571.622,942.416,942.416,1037.847,970.416,1044.497,111.351,42.0,186,108,7,LUX-GL,1.3.0
VX-050,M,-322.532,427.325,1775.766,1775.766,1857.072,1803.766,1862.772,80.051,42.0,146,82,6,LUX-GL,1.3.0
VX-051,M,-164.496,635.607,1253.736,1253.736,1335.041,1281.736,1340.741,106.558,42.0,146,82,6,LUX-GL,1.3.0
VX-052,L,-341.036,489.563,985.855,985.855,1081.286,1013.855,1087.936,228.671,42.0,186,108,7,LUX-GL,1.3.0
VX-053,M,-421.08,343.844,1819.266,1819.266,1900.572,1847.266,1906.272,101.63,42.0,146,82,6,LUX-GL,1.3.0
VX-054,M,-354.123,553.151,1297.296,1297.296,1378.601,1325.296,1384.301,124.769,42.0,146,82,6,LUX-GL,1.3.0
VX-055,L,-458.145,397.234,1297.729,1297.729,1393.16,1325.729,1399.81,96.68,42.0,186,108,7,LUX-GL,1.3.0
VX-056,M,-361.678,617.652,1862.942,1862.942,1944.248,1890.942,1949.948,121.029,42.0,146,82,6,LUX-GL,1.3.0
VX-057,M,-491.643,452.919,1072.773,1072.773,1154.079,1100.773,1159.779,241.785,42.0,146,82,6,LUX-GL,1.3.0
VX-058,L,-531.681,300.797,1073.262,1073.262,1168.693,1101.262,1175.343,117.121,42.0,186,108,7,LUX-GL,1.3.0
VX-059,M,-521.266,510.756,1906.785,1906.785,1988.091,1934.785,1993.791,136.514,42.0,146,82,6,LUX-GL,1.3.0
VX-060,M,-582.241,348.754,1921.435,1921.435,2002.741,1949.435,2008.441,262.483,42.0,146,82,6,LUX-GL,1.3.0
VX-061,L,-561.667,204.586,1653.722,1653.722,1749.153,1681.722,1755.803,133.482,42.0,186,108,7,LUX-GL,1.3.0
VX-062,M,-628.358,397.382,1414.277,1414.277,1495.583,1442.277,1501.283,148.966,42.0,146,82,6,LUX-GL,1.3.0
VX-063,M,-626.949,243.864,1428.979,1428.979,1510.284,1456.979,1515.984,130.539,42.0,146,82,6,LUX-GL,1.3.0
VX-064,L,-670.605,446.779,1161.316,1161.316,1256.747,1189.316,1263.397,146.409,42.0,186,108,7,LUX-GL,1.3.0
VX-065,M,-688.172,284.527,1994.942,1994.942,2076.247,2022.942,2081.947,277.488,42.0,146,82,6,LUX-GL,1.3.0
VX-066,M,-630.972,145.228,1204.927,1204.927,1286.232,1232.927,1291.932,143.935,42.0,146,82,6,LUX-GL,1.3.0
VX-067,L,-745.497,326.276,1742.078,1742.078,1837.509,1770.078,1844.159,156.913,42.0,186,108,7,LUX-GL,1.3.0
VX-068,M,-703.735,176.245,1770.986,1770.986,1852.291,1798.986,1857.991,298.253,42.0,146,82,6,LUX-GL,1.3.0
VX-069,M,-601.259,57.872,1517.528,1517.528,1598.834,1545.528,1604.534,154.771,42.0,146,82,6,LUX-GL,1.3.0
VX-070,L,-773.013,208.888,1249.96,1249.96,1345.392,1277.96,1352.042,165.82,42.0,186,108,7,LUX-GL,1.3.0
VX-071,M,-681.784,78.219,2083.679,2083.679,2164.985,2111.679,2170.685,152.729,42.0,146,82,6,LUX-GL,1.3.0
VX-072,M,-838.896,242.85,1562.012,1562.012,1643.317,1590.012,1649.017,163.879,42.0,146,82,6,LUX-GL,1.3.0
VX-073,L,-759.411,100.655,1562.743,1562.743,1658.175,1590.743,1664.825,310.041,42.0,186,108,7,LUX-GL,1.3.0
VX-074,M,-630.16,-5.553,1859.996,1859.996,1941.302,1887.996,1947.002,162.046,42.0,146,82,6,LUX-GL,1.3.0
VX-075,M,-834.128,124.866,2143.137,2143.137,2224.443,2171.137,2230.143,171.927,42.0,146,82,6,LUX-GL,1.3.0
VX-076,L,-712.414,6.114,1339.146,1339.146,1434.578,1367.146,1441.228,160.33,42.0,186,108,7,LUX-GL,1.3.0
VX-077,M,-905.958,150.543,1904.696,1904.696,1986.002,1932.696,1991.702,170.2,42.0,146,82,6,LUX-GL,1.3.0
VX-078,M,-792.38,19.927,1919.624,1919.624,2000.93,1947.624,2006.63,320.064,42.0,146,82,6,LUX-GL,1.3.0
VX-079,L,-640.396,-71.788,2188.695,2188.695,2284.126,2216.695,2290.776,168.599,42.0,186,108,7,LUX-GL,1.3.0
VX-080,M,-869.984,35.575,1413.01,1413.01,1494.316,1441.01,1500.016,177.711,42.0,146,82,6,LUX-GL,1.3.0
VX-081,M,-722.055,-68.524,1696.234,1696.234,1777.539,1724.234,1783.239,332.442,42.0,146,82,6,LUX-GL,1.3.0
VX-082,L,-552.277,-130.222,1965.344,1965.344,2060.775,1993.344,2067.425,176.146,42.0,186,108,7,LUX-GL,1.3.0
VX-083,M,-801.978,-63.14,2262.719,2262.719,2344.024,2290.719,2349.724,185.99,42.0,146,82,6,LUX-GL,1.3.0
VX-084,M,-631.735,-138.559,1472.961,1472.961,1554.266,1500.961,1559.966,174.727,42.0,146,82,6,LUX-GL,1.3.0
VX-085,L,-880.029,-55.936,1742.11,1742.11,1837.541,1770.11,1844.191,183.388,42.0,186,108,7,LUX-GL,1.3.0
VX-086,M,-710.669,-143.231,2039.523,2039.523,2120.828,2067.523,2126.528,338.954,42.0,146,82,6,LUX-GL,1.3.0
VX-087,M,-529.136,-190.954,2322.822,2322.822,2404.128,2350.822,2409.828,181.951,42.0,146,82,6,LUX-GL,1.3.0
VX-088,L,-788.336,-145.877,1518.988,1518.988,1614.419,1546.988,1621.069,189.614,42.0,186,108,7,LUX-GL,1.3.0
VX-089,M,-604.562,-203.731,1816.438,1816.438,1897.743,1844.438,1903.443,348.232,42.0,146,82,6,LUX-GL,1.3.0
VX-090,M,-423.633,-221.857,1831.519,1831.519,1912.824,1859.519,1918.524,189.163,42.0,146,82,6,LUX-GL,1.3.0
VX-091,M,-678.85,-215.713,2383.121,2383.121,2464.427,2411.121,2470.127,198.728,42.0,146,82,6,LUX-GL,1.3.0
VX-092,M,-491.51,-244.869,1593.461,1593.461,1674.766,1621.461,1680.466,187.836,42.0,146,82,6,LUX-GL,1.3.0
VX-093,M,-752.235,-225.812,1876.832,1876.832,1958.137,1904.832,1963.837,196.7,42.0,146,82,6,LUX-GL,1.3.0
VX-094,M,-559.764,-265.347,2160.215,2160.215,2241.52,2188.215,2247.22,353.537,42.0,146,82,6,LUX-GL,1.3.0
VX-095,M,-378.061,-268.201,2443.609,2443.609,2524.914,2471.609,2530.614,195.257,42.0,146,82,6,LUX-GL,1.3.0
VX-096,M,-627.69,-283.875,1653.994,1653.994,1735.299,1681.994,1740.999,204.517,42.0,146,82,6,LUX-GL,1.3.0
VX-097,M,-438.389,-295.716,2205.665,2205.665,2286.971,2233.665,2292.671,194.04,42.0,146,82,6,LUX-GL,1.3.0
VX-098,M,-694.965,-300.698,2220.838,2220.838,2302.143,2248.838,2307.843,203.295,42.0,146,82,6,LUX-GL,1.3.0
VX-099,M,-498.494,-321.595,1967.766,1967.766,2049.072,1995.766,2054.772,359.474,42.0,146,82,6,LUX-GL,1.3.0
VX-100,M,-314.139,-304.192,2251.216,2251.216,2332.521,2279.216,2338.221,201.937,42.0,146,82,6,LUX-GL,1.3.0
VX-101,M,-558.787,-345.878,2534.676,2534.676,2615.981,2562.676,2621.681,212.7,42.0,146,82,6,LUX-GL,1.3.0
VX-102,M,-368.798,-339.282,2013.381,2013.381,2094.687,2041.381,2100.387,8.801,42.0,146,82,6,LUX-GL,1.3.0
VX-103,M,-197.525,-289.946,2565.118,2565.118,2646.423,2593.118,2652.123,210.721,42.0,146,82,6,LUX-GL,1.3.0
VX-104,M,-424.62,-372.455,1775.589,1775.589,1856.895,1803.589,1862.595,228.116,42.0,146,82,6,LUX-GL,1.3.0
VX-105,M,-240.836,-338.244,2059.091,2059.091,2140.397,2087.091,2146.097,209.264,42.0,146,82,6,LUX-GL,1.3.0
VX-106,M,-481.281,-404.204,2342.604,2342.604,2423.909,2370.604,2429.609,217.727,42.0,146,82,6,LUX-GL,1.3.0
VX-107,M,-292.094,-377.899,1821.361,1821.361,1902.667,1849.361,1908.367,14.993,42.0,146,82,6,LUX-GL,1.3.0
VX-108,M,-133.119,-310.963,2306.085,2306.085,2387.391,2334.085,2393.091,218.991,42.0,146,82,6,LUX-GL,1.3.0
VX-109,M,-342.46,-418.672,2656.692,2656.692,2737.997,2684.692,2743.697,240.298,42.0,146,82,6,LUX-GL,1.3.0
VX-110,M,-165.259,-367.305,1867.224,1867.224,1948.529,1895.224,1954.229,218.979,42.0,146,82,6,LUX-GL,1.3.0
VX-111,M,-392.883,-459.473,2150.786,2150.786,2232.092,2178.786,2237.792,214.591,42.0,146,82,6,LUX-GL,1.3.0
VX-112,M,-218.631,-404.112,2702.613,2702.613,2783.919,2730.613,2789.619,21.583,42.0,146,82,6,LUX-GL,1.3.0
VX-113,M,-67.035,-330.572,2717.94,2717.94,2799.246,2745.94,2804.946,247.831,42.0,146,82,6,LUX-GL,1.3.0
VX-114,M,-243.109,-464.188,2196.766,2196.766,2278.072,2224.766,2283.772,263.133,42.0,146,82,6,LUX-GL,1.3.0
VX-115,M,-74.794,-394.997,2212.112,2212.112,2293.418,2240.112,2299.118,33.725,42.0,146,82,6,LUX-GL,1.3.0
VX-116,M,5.552,-298.194,2495.723,2495.723,2577.028,2523.723,2582.728,206.234,42.0,146,82,6,LUX-GL,1.3.0
VX-117,M,-132.949,-423.656,2376.96,2376.96,2458.265,2404.96,2463.965,302.173,42.0,146,82,6,LUX-GL,1.3.0
VX-118,M,40.088,-353.093,2794.716,2794.716,2876.022,2822.716,2881.722,280.076,42.0,146,82,6,LUX-GL,1.3.0
VX-119,M,-121.601,-487.52,2541.844,2541.844,2623.15,2569.844,2628.85,219.624,42.0,146,82,6,LUX-GL,1.3.0
VX-120,M,-9.857,-394.447,2020.726,2020.726,2102.032,2048.726,2107.732,41.818,42.0,146,82,6,LUX-GL,1.3.0
VX-121,M,83.28,-304.219,2170.255,2170.255,2251.56,2198.255,2257.26,278.532,42.0,146,82,6,LUX-GL,1.3.0
VX-122,M,-0.232,-458.602,2588.048,2588.048,2669.353,2616.048,2675.053,297.667,42.0,146,82,6,LUX-GL,1.3.0
VX-123,M,113.405,-361.68,2066.957,2066.957,2148.262,2094.957,2153.962,55.54,42.0,146,82,6,LUX-GL,1.3.0
VX-124,M,134.846,-261.771,2484.767,2484.767,2566.073,2512.767,2571.773,228.705,42.0,146,82,6,LUX-GL,1.3.0
VX-125,M,70.597,-410.415,2366.077,2366.077,2447.382,2394.077,2453.082,296.019,42.0,146,82,6,LUX-GL,1.3.0
VX-126,M,163.306,-320.072,2649.777,2649.777,2731.083,2677.777,2736.783,322.366,42.0,146,82,6,LUX-GL,1.3.0
VX-127,M,121.961,-450.019,2665.232,2665.232,2746.537,2693.232,2752.237,327.255,42.0,146,82,6,LUX-GL,1.3.0
VX-128,M,217.854,-355.152,2412.439,2412.439,2493.745,2440.439,2499.445,70.249,42.0,146,82,6,LUX-GL,1.3.0
VX-129,M,196.713,-241.831,2964.421,2964.421,3045.726,2992.421,3051.426,219.907,42.0,146,82,6,LUX-GL,1.3.0
VX-130,M,168.109,-396.755,2577.518,2577.518,2658.823,2605.518,2664.523,307.962,42.0,146,82,6,LUX-GL,1.3.0
VX-131,M,236.544,-292.883,2190.623,2190.623,2271.929,2218.623,2277.629,330.104,42.0,146,82,6,LUX-GL,1.3.0
VX-132,M,224.369,-429.1,3010.885,3010.885,3092.19,3038.885,3097.89,313.433,42.0,146,82,6,LUX-GL,1.3.0
VX-133,M,281.077,-339.921,2758.135,2758.135,2839.44,2786.135,2845.14,79.478,42.0,146,82,6,LUX-GL,1.3.0
VX-134,M,260.865,-232.612,2505.393,2505.393,2586.698,2533.393,2592.398,293.324,42.0,146,82,6,LUX-GL,1.3.0
VX-135,M,306.729,-399.416,2655.041,2655.041,2736.347,2683.041,2742.047,313.355,42.0,146,82,6,LUX-GL,1.3.0
VX-136,M,305.365,-279.743,3072.953,3072.953,3154.259,3100.953,3159.959,96.82,42.0,146,82,6,LUX-GL,1.3.0
VX-137,M,279.342,-170.419,2283.725,2283.725,2365.031,2311.725,2370.731,326.757,42.0,146,82,6,LUX-GL,1.3.0
VX-138,M,359.323,-315.11,2299.271,2299.271,2380.576,2327.271,2386.276,313.618,42.0,146,82,6,LUX-GL,1.3.0
VX-139,M,324.054,-217.341,2851.334,2851.334,2932.639,2879.334,2938.339,331.039,42.0,146,82,6,LUX-GL,1.3.0
VX-140,M,416.042,-346.5,2866.895,2866.895,2948.201,2894.895,2953.901,327.461,42.0,146,82,6,LUX-GL,1.3.0
VX-141,M,378.795,-252.267,2614.209,2614.209,2695.515,2642.209,2701.215,111.109,42.0,146,82,6,LUX-GL,1.3.0
VX-142,M,342.142,-155.079,2779.39,2779.39,2860.695,2807.39,2866.395,330.329,42.0,146,82,6,LUX-GL,1.3.0
VX-143,M,434.815,-284.184,3181.881,3181.881,3263.186,3209.881,3268.886,327.601,42.0,146,82,6,LUX-GL,1.3.0
VX-144,M,396.93,-189.847,2392.708,2392.708,2474.013,2420.708,2479.713,330.386,42.0,146,82,6,LUX-GL,1.3.0
VX-145,M,491.278,-316.278,2408.307,2408.307,2489.613,2436.307,2495.313,330.165,42.0,146,82,6,LUX-GL,1.3.0
VX-146,M,453.33,-222.193,2960.425,2960.425,3041.73,2988.425,3047.43,115.59,42.0,146,82,6,LUX-GL,1.3.0
VX-147,M,398.409,-122.354,2707.785,2707.785,2789.09,2735.785,2794.79,330.694,42.0,146,82,6,LUX-GL,1.3.0
VX-148,M,509.819,-253.902,2723.407,2723.407,2804.713,2751.407,2810.413,327.617,42.0,146,82,6,LUX-GL,1.3.0
VX-149,M,452.929,-156.931,3275.547,3275.547,3356.853,3303.547,3362.553,134.863,42.0,146,82,6,LUX-GL,1.3.0
VX-150,M,343.731,-87.018,2620.547,2620.547,2701.852,2648.547,2707.552,330.174,42.0,146,82,6,LUX-GL,1.3.0
VX-151,M,509.424,-189.321,2636.192,2636.192,2717.497,2664.192,2723.197,357.074,42.0,146,82,6,LUX-GL,1.3.0
VX-152,M,455.805,-92.747,3038.75,3038.75,3120.055,3066.75,3125.755,16.822,42.0,146,82,6,LUX-GL,1.3.0
VX-153,M,571.402,-170.583,3338.14,3338.14,3419.446,3366.14,3425.146,330.72,42.0,146,82,6,LUX-GL,1.3.0
VX-154,M,511.955,-124.233,2858.567,2858.567,2939.872,2886.567,2945.572,146.31,42.0,146,82,6,LUX-GL,1.3.0
VX-155,M,401.287,-57.174,2549.239,2549.239,2630.544,2577.239,2636.244,16.644,42.0,146,82,6,LUX-GL,1.3.0
VX-156,M,574.121,-105.648,3116.906,3116.906,3198.212,3144.906,3203.912,22.027,42.0,146,82,6,LUX-GL,1.3.0
VX-157,M,470.488,-29.177,3400.849,3400.849,3482.154,3428.849,3487.854,159.825,42.0,146,82,6,LUX-GL,1.3.0
VX-158,M,346.861,-22.144,3416.544,3416.544,3497.849,3444.544,3503.549,330.246,42.0,146,82,6,LUX-GL,1.3.0
VX-159,M,527.058,-61.514,2627.48,2627.48,2708.786,2655.48,2714.486,21.574,42.0,146,82,6,LUX-GL,1.3.0
VX-160,M,416.491,5.389,2911.444,2911.444,2992.75,2939.444,2998.45,26.836,42.0,146,82,6,LUX-GL,1.3.0
VX-161,M,584.908,-32.246,2927.16,2927.16,3008.465,2955.16,3014.165,27.002,42.0,146,82,6,LUX-GL,1.3.0
VX-162,M,474.433,34.914,3211.138,3211.138,3292.443,3239.138,3298.143,161.783,42.0,146,82,6,LUX-GL,1.3.0
VX-163,M,361.997,41.115,3030.834,3030.834,3112.14,3058.834,3117.84,330.792,42.0,146,82,6,LUX-GL,1.3.0
VX-164,M,530.405,3.622,3108.476,3108.476,3189.781,3136.476,3195.481,27.134,42.0,146,82,6,LUX-GL,1.3.0
VX-165,M,419.639,70.655,2721.836,2721.836,2803.141,2749.836,2808.841,26.587,42.0,146,82,6,LUX-GL,1.3.0
VX-166,M,588.461,32.677,3408.223,3408.223,3489.529,3436.223,3495.229,26.544,42.0,146,82,6,LUX-GL,1.3.0
VX-167,M,478.053,99.836,3558.107,3558.107,3639.413,3586.107,3645.113,171.151,42.0,146,82,6,LUX-GL,1.3.0
VX-168,M,308.029,76.336,3305.615,3305.615,3386.921,3333.615,3392.621,330.656,42.0,146,82,6,LUX-GL,1.3.0
VX-169,M,534.069,68.345,2857.097,2857.097,2938.403,2885.097,2944.103,26.716,42.0,146,82,6,LUX-GL,1.3.0
VX-170,M,366.137,105.582,2950.255,2950.255,3031.56,2978.255,3037.26,184.086,42.0,146,82,6,LUX-GL,1.3.0
VX-171,M,249.956,48.049,2816.434,2816.434,2897.739,2844.434,2903.439,27.351,42.0,146,82,6,LUX-GL,1.3.0
VX-172,M,423.47,135.238,3100.478,3100.478,3181.784,3128.478,3187.484,56.659,42.0,146,82,6,LUX-GL,1.3.0
VX-173,M,311.171,141.096,3652.784,3652.784,3734.089,3680.784,3739.789,26.94,42.0,146,82,6,LUX-GL,1.3.0
VX-174,M,481.582,164.771,3400.331,3400.331,3481.636,3428.331,3487.336,26.415,42.0,146,82,6,LUX-GL,1.3.0
VX-175,S,369.881,170.259,2893.086,2893.086,2960.935,2921.086,2965.685,192.83,42.0,108,60,5,LUX-GL,1.3.0
VX-176,S,253.248,112.769,3177.156,3177.156,3245.005,3205.156,3249.755,27.68,42.0,108,60,5,LUX-GL,1.3.0
VX-177,S,426.771,200.102,3729.487,3729.487,3797.336,3757.487,3802.086,85.828,42.0,108,60,5,LUX-GL,1.3.0
VX-178,S,257.96,177.372,2940.55,2940.55,3008.398,2968.55,3013.148,206.456,42.0,108,60,5,LUX-GL,1.3.0
VX-179,S,194.51,84.525,3492.894,3492.894,3560.742,3520.894,3565.492,26.571,42.0,108,60,5,LUX-GL,1.3.0
VX-180,S,315.403,206.1,3240.479,3240.479,3308.327,3268.479,3313.077,85.895,42.0,108,60,5,LUX-GL,1.3.0
VX-181,S,199.156,149.268,3792.835,3792.835,3860.684,3820.835,3865.434,85.151,42.0,108,60,5,LUX-GL,1.3.0
VX-182,S,320.842,270.221,3003.922,3003.922,3071.771,3031.922,3076.521,85.973,42.0,108,60,5,LUX-GL,1.3.0
VX-183,S,203.693,213.716,3288.036,3288.036,3355.884,3316.036,3360.634,219.656,42.0,108,60,5,LUX-GL,1.3.0
VX-184,S,140.672,120.873,3303.9,3303.9,3371.749,3331.9,3376.499,25.817,42.0,108,60,5,LUX-GL,1.3.0
VX-185,S,262.443,242.139,3856.281,3856.281,3924.13,3884.281,3928.88,85.404,42.0,108,60,5,LUX-GL,1.3.0
VX-186,S,145.841,185.169,3067.392,3067.392,3135.241,3095.392,3139.991,145.612,42.0,108,60,5,LUX-GL,1.3.0
VX-187,S,208.739,278.894,3083.275,3083.275,3151.124,3111.275,3155.874,85.631,42.0,108,60,5,LUX-GL,1.3.0
VX-188,S,150.816,250.279,3903.929,3903.929,3971.778,3931.929,3976.528,224.914,42.0,108,60,5,LUX-GL,1.3.0
VX-189,S,86.938,157.456,3919.824,3919.824,3987.673,3947.824,3992.423,86.354,42.0,108,60,5,LUX-GL,1.3.0
VX-190,S,154.918,314.656,3399.214,3399.214,3467.063,3427.214,3471.813,85.691,42.0,108,60,5,LUX-GL,1.3.0
VX-191,S,91.78,221.729,3415.121,3415.121,3482.969,3443.121,3487.719,247.417,42.0,108,60,5,LUX-GL,1.3.0
VX-192,S,64.247,96.652,3162.778,3162.778,3230.627,3190.778,3235.377,85.507,42.0,108,60,5,LUX-GL,1.3.0
VX-193,S,96.881,286.641,3178.696,3178.696,3246.545,3206.696,3251.295,107.043,42.0,108,60,5,LUX-GL,1.3.0
VX-194,S,34.136,194.877,3194.62,3194.62,3262.469,3222.62,3267.219,146.148,42.0,108,60,5,LUX-GL,1.3.0
VX-195,S,42.79,322.924,3747.06,3747.06,3814.909,3775.06,3819.659,85.909,42.0,108,60,5,LUX-GL,1.3.0
VX-196,S,38.632,257.725,4031.25,4031.25,4099.099,4059.25,4103.849,260.564,42.0,108,60,5,LUX-GL,1.3.0
VX-197,S,11.344,133.711,3778.937,3778.937,3846.785,3806.937,3851.535,164.365,42.0,108,60,5,LUX-GL,1.3.0
VX-198,S,-23.068,274.994,3526.628,3526.628,3594.477,3554.628,3599.227,129.747,42.0,108,60,5,LUX-GL,1.3.0
VX-199,S,-30.586,184.131,3542.581,3542.581,3610.43,3570.581,3615.18,130.128,42.0,108,60,5,LUX-GL,1.3.0
VX-200,S,-64.625,324.295,3290.284,3290.284,3358.133,3318.284,3362.883,130.504,42.0,108,60,5,LUX-GL,1.3.0
VX-201,S,-72.367,233.044,3842.758,3842.758,3910.607,3870.758,3915.357,273.729,42.0,108,60,5,LUX-GL,1.3.0
VX-202,S,-51.527,123.318,4126.982,4126.982,4194.831,4154.982,4199.581,130.375,42.0,108,60,5,LUX-GL,1.3.0
VX-203,S,-114.329,282.394,3606.447,3606.447,3674.296,3634.447,3679.046,130.612,42.0,108,60,5,LUX-GL,1.3.0
VX-204,S,-94.125,172.997,3354.173,3354.173,3422.021,3382.173,3426.771,296.467,42.0,108,60,5,LUX-GL,1.3.0
VX-205,S,-10.692,74.231,3638.414,3638.414,3706.263,3666.414,3711.013,130.264,42.0,108,60,5,LUX-GL,1.3.0
VX-206,S,-135.465,221.806,4190.915,4190.915,4258.764,4218.915,4263.514,149.535,42.0,108,60,5,LUX-GL,1.3.0
VX-207,S,-157.187,160.402,3670.402,3670.402,3738.251,3698.402,3743.001,130.846,42.0,108,60,5,LUX-GL,1.3.0
VX-208,S,-178.097,271.115,3418.15,3418.15,3485.998,3446.15,3490.748,130.973,42.0,108,60,5,LUX-GL,1.3.0
VX-209,S,-200.105,209.82,3970.668,3970.668,4038.516,3998.668,4043.266,291.07,42.0,108,60,5,LUX-GL,1.3.0
VX-210,S,-116.587,111.457,3986.681,3986.681,4054.53,4014.681,4059.28,189.641,42.0,108,60,5,LUX-GL,1.3.0
VX-211,S,-263.101,199.12,3734.444,3734.444,3802.293,3762.444,3807.043,159.975,42.0,108,60,5,LUX-GL,1.3.0
VX-212,S,-221.293,149.618,3482.213,3482.213,3550.062,3510.213,3554.812,324.059,42.0,108,60,5,LUX-GL,1.3.0
VX-213,S,-73.857,61.925,3498.242,3498.242,3566.091,3526.242,3570.841,190.376,42.0,108,60,5,LUX-GL,1.3.0
VX-214,S,-283.836,138.167,4319.042,4319.042,4386.891,4347.042,4391.641,160.058,42.0,108,60,5,LUX-GL,1.3.0
VX-215,S,-178.556,99.913,4335.082,4335.082,4402.931,4363.082,4407.681,189.629,42.0,108,60,5,LUX-GL,1.3.0
VX-216,S,-348.106,127.263,3546.362,3546.362,3614.21,3574.362,3618.96,189.987,42.0,108,60,5,LUX-GL,1.3.0
VX-217,S,-243.713,88.44,4098.922,4098.922,4166.771,4126.922,4171.521,340.097,42.0,108,60,5,LUX-GL,1.3.0
VX-218,S,-138.048,51.209,3846.722,3846.722,3914.571,3874.722,3919.321,190.325,42.0,108,60,5,LUX-GL,1.3.0
VX-219,S,-306.43,77.014,3862.783,3862.783,3930.632,3890.783,3935.382,191.312,42.0,108,60,5,LUX-GL,1.3.0
VX-220,S,-200.711,38.674,3610.594,3610.594,3678.442,3638.594,3683.192,250.008,42.0,108,60,5,LUX-GL,1.3.0
VX-221,S,-328.437,16.526,3626.665,3626.665,3694.513,3654.665,3699.263,189.369,42.0,108,60,5,LUX-GL,1.3.0
VX-222,S,-265.007,28.066,4447.506,4447.506,4515.355,4475.506,4520.105,351.011,42.0,108,60,5,LUX-GL,1.3.0
VX-223,S,-160.159,-10.094,4463.587,4463.587,4531.436,4491.587,4536.186,249.946,42.0,108,60,5,LUX-GL,1.3.0
VX-224,S,-287.309,-33.025,4211.418,4211.418,4279.267,4239.418,4284.017,190.377,42.0,108,60,5,LUX-GL,1.3.0
VX-225,S,-222.454,-21.501,3959.254,3959.254,4027.103,3987.254,4031.853,10.16,42.0,108,60,5,LUX-GL,1.3.0
VX-226,S,-94.897,1.458,4243.606,4243.606,4311.455,4271.606,4316.205,249.866,42.0,108,60,5,LUX-GL,1.3.0
VX-227,S,-244.786,-82.417,3723.197,3723.197,3791.046,3751.197,3795.796,249.956,42.0,108,60,5,LUX-GL,1.3.0
VX-228,S,-117.201,-59.677,3739.303,3739.303,3807.152,3767.303,3811.902,310.024,42.0,108,60,5,LUX-GL,1.3.0
VX-229,S,-203.524,-131.55,4560.18,4560.18,4628.028,4588.18,4632.778,189.383,42.0,108,60,5,LUX-GL,1.3.0
VX-230,S,-181.43,-70.291,4308.041,4308.041,4375.89,4336.041,4380.64,29.427,42.0,108,60,5,LUX-GL,1.3.0
VX-231,S,-54.267,-47.356,4055.907,4055.907,4123.756,4083.907,4128.506,310.277,42.0,108,60,5,LUX-GL,1.3.0
VX-232,S,-139.105,-120.239,4072.033,4072.033,4139.882,4100.033,4144.632,250.334,42.0,108,60,5,LUX-GL,1.3.0
VX-233,S,-76.203,-108.735,4624.674,4624.674,4692.523,4652.674,4697.273,51.252,42.0,108,60,5,LUX-GL,1.3.0
VX-234,S,-32.453,12.656,4640.81,4640.81,4708.659,4668.81,4713.409,251.011,42.0,108,60,5,LUX-GL,1.3.0
VX-235,S,-96.935,-168.982,3852.185,3852.185,3920.034,3880.185,3924.784,310.656,42.0,108,60,5,LUX-GL,1.3.0
VX-236,S,9.889,-36.648,3868.331,3868.331,3936.179,3896.331,3940.929,39.925,42.0,108,60,5,LUX-GL,1.3.0
VX-237,S,-11.696,-97.648,4420.991,4420.991,4488.84,4448.991,4493.59,309.958,42.0,108,60,5,LUX-GL,1.3.0
VX-238,S,51.251,-86.014,4705.401,4705.401,4773.25,4733.401,4778.0,70.216,42.0,108,60,5,LUX-GL,1.3.0
VX-239,S,32.213,24.419,4453.306,4453.306,4521.155,4481.306,4525.905,70.16,42.0,108,60,5,LUX-GL,1.3.0
VX-240,S,73.255,-25.029,4201.215,4201.215,4269.064,4229.215,4273.814,309.693,42.0,108,60,5,LUX-GL,1.3.0
